cookie,timestamp
AtY0laUfhglK3lC7,2018-12-09T10:00:00+00:00
AtY0laUfhglK3lC7,2018-12-09T10:00:00+00:00
AtY0laUfhglK3lC7,2018-12-09T10:00:00+00:00
AtY0laUfhglK3lC7,2018-12-09T10:00:00+00:00
AtY0laUfhglK3lC7,2018-12-09T10:00:00+00:00
AtY0laUfhglK3lC7,2018-12-09T10:00:00+00:00
AtY0laUfhglK3lC7,2018-12-09T10:00:00+00:00
AtY0laUfhglK3lC7,2018-12-09T10:00:00+00:00
AtY0laUfhglK3lC7,2018-12-09T10:00:00+00:00
AtY0laUfhglK3lC7,2018-12-09T10:00:00+00:00
AtY0laUfhglK3lC7,2018-12-09T10:00:00+00:00
AtY0laUfhglK3lC7,2018-12-09T10:00:00+00:00
AtY0laUfhglK3lC7,2018-12-09T10:00:00+00:00
AtY0laUfhglK3lC7,2018-12-09T10:00:00+00:00
AtY0laUfhglK3lC7,2018-12-09T10:00:00+00:00
AtY0laUfhglK3lC7,2018-12-09T10:00:00+00:00
AtY0laUfhglK3lC7,2018-12-09T10:00:00+00:00
AtY0laUfhglK3lC7,2018-12-09T10:00:00+00:00
AtY0laUfhglK3lC7,2018-12-09T10:00:00+00:00
AtY0laUfhglK3lC7,2018-12-09T10:00:00+00:00
AtY0laUfhglK3lC7,2018-12-09T10:00:00+00:00
AtY0laUfhglK3lC7,2018-12-09T10:00:00+00:00
AtY0laUfhglK3lC7,2018-12-09T10:00:00+00:00
AtY0laUfhglK3lC7,2018-12-09T10:00:00+00:00
AtY0laUfhglK3lC7,2018-12-09T10:00:00+00:00
AtY0laUfhglK3lC7,2018-12-09T10:00:00+00:00
AtY0laUfhglK3lC7,2018-12-09T10:00:00+00:00
AtY0laUfhglK3lC7,2018-12-09T10:00:00+00:00
AtY0laUfhglK3lC7,2018-12-09T10:00:00+00:00
AtY0laUfhglK3lC7,2018-12-09T10:00:00+00:00
AtY0laUfhglK3lC7,2018-12-09T10:00:00+00:00
AtY0laUfhglK3lC7,2018-12-09T10:00:00+00:00
AtY0laUfhglK3lC7,2018-12-09T10:00:00+00:00
AtY0laUfhglK3lC7,2018-12-09T10:00:00+00:00
AtY0laUfhglK3lC7,2018-12-09T10:00:00+00:00
AtY0laUfhglK3lC7,2018-12-09T10:00:00+00:00
AtY0laUfhglK3lC7,2018-12-09T10:00:00+00:00
AtY0laUfhglK3lC7,2018-12-09T10:00:00+00:00
AtY0laUfhglK3lC7,2018-12-09T10:00:00+00:00
AtY0laUfhglK3lC7,2018-12-09T10:00:00+00:00
AtY0laUfhglK3lC7,2018-12-09T10:00:00+00:00
AtY0laUfhglK3lC7,2018-12-09T10:00:00+00:00
AtY0laUfhglK3lC7,2018-12-09T10:00:00+00:00
AtY0laUfhglK3lC7,2018-12-09T10:00:00+00:00
AtY0laUfhglK3lC7,2018-12-09T10:00:00+00:00
AtY0laUfhglK3lC7,2018-12-09T10:00:00+00:00
AtY0laUfhglK3lC7,2018-12-09T10:00:00+00:00
AtY0laUfhglK3lC7,2018-12-09T10:00:00+00:00
AtY0laUfhglK3lC7,2018-12-09T10:00:00+00:00
AtY0laUfhglK3lC7,2018-12-09T10:00:00+00:00
AtY0laUfhglK3lC7,2018-12-09T10:00:00+00:00
AtY0laUfhglK3lC7,2018-12-09T10:00:00+00:00
AtY0laUfhglK3lC7,2018-12-09T10:00:00+00:00
AtY0laUfhglK3lC7,2018-12-09T10:00:00+00:00
AtY0laUfhglK3lC7,2018-12-09T10:00:00+00:00
AtY0laUfhglK3lC7,2018-12-09T10:00:00+00:00
AtY0laUfhglK3lC7,2018-12-09T10:00:00+00:00
AtY0laUfhglK3lC7,2018-12-09T10:00:00+00:00
AtY0laUfhglK3lC7,2018-12-09T10:00:00+00:00
AtY0laUfhglK3lC7,2018-12-09T10:00:00+00:00
AtY0laUfhglK3lC7,2018-12-09T10:00:00+00:00
AtY0laUfhglK3lC7,2018-12-09T10:00:00+00:00
AtY0laUfhglK3lC7,2018-12-09T10:00:00+00:00
AtY0laUfhglK3lC7,2018-12-09T10:00:00+00:00
AtY0laUfhglK3lC7,2018-12-09T10:00:00+00:00
AtY0laUfhglK3lC7,2018-12-09T10:00:00+00:00
AtY0laUfhglK3lC7,2018-12-09T10:00:00+00:00
AtY0laUfhglK3lC7,2018-12-09T10:00:00+00:00
AtY0laUfhglK3lC7,2018-12-09T10:00:00+00:00
AtY0laUfhglK3lC7,2018-12-09T10:00:00+00:00
AtY0laUfhglK3lC7,2018-12-09T10:00:00+00:00
AtY0laUfhglK3lC7,2018-12-09T10:00:00+00:00
AtY0laUfhglK3lC7,2018-12-09T10:00:00+00:00
AtY0laUfhglK3lC7,2018-12-09T10:00:00+00:00
AtY0laUfhglK3lC7,2018-12-09T10:00:00+00:00
AtY0laUfhglK3lC7,2018-12-09T10:00:00+00:00
AtY0laUfhglK3lC7,2018-12-09T10:00:00+00:00
AtY0laUfhglK3lC7,2018-12-09T10:00:00+00:00
AtY0laUfhglK3lC7,2018-12-09T10:00:00+00:00
AtY0laUfhglK3lC7,2018-12-09T10:00:00+00:00
AtY0laUfhglK3lC7,2018-12-09T10:00:00+00:00
AtY0laUfhglK3lC7,2018-12-09T10:00:00+00:00
AtY0laUfhglK3lC7,2018-12-09T10:00:00+00:00
AtY0laUfhglK3lC7,2018-12-09T10:00:00+00:00
AtY0laUfhglK3lC7,2018-12-09T10:00:00+00:00
AtY0laUfhglK3lC7,2018-12-09T10:00:00+00:00
AtY0laUfhglK3lC7,2018-12-09T10:00:00+00:00
AtY0laUfhglK3lC7,2018-12-09T10:00:00+00:00
AtY0laUfhglK3lC7,2018-12-09T10:00:00+00:00
AtY0laUfhglK3lC7,2018-12-09T10:00:00+00:00
AtY0laUfhglK3lC7,2018-12-09T10:00:00+00:00
AtY0laUfhglK3lC7,2018-12-09T10:00:00+00:00
AtY0laUfhglK3lC7,2018-12-09T10:00:00+00:00
AtY0laUfhglK3lC7,2018-12-09T10:00:00+00:00
AtY0laUfhglK3lC7,2018-12-09T10:00:00+00:00
AtY0laUfhglK3lC7,2018-12-09T10:00:00+00:00
AtY0laUfhglK3lC7,2018-12-09T10:00:00+00:00
AtY0laUfhglK3lC7,2018-12-09T10:00:00+00:00
AtY0laUfhglK3lC7,2018-12-09T10:00:00+00:00
AtY0laUfhglK3lC7,2018-12-09T10:00:00+00:00
AtY0laUfhglK3lC7,2018-12-09T10:00:00+00:00
AtY0laUfhglK3lC7,2018-12-09T10:00:00+00:00
AtY0laUfhglK3lC7,2018-12-09T10:00:00+00:00
AtY0laUfhglK3lC7,2018-12-09T10:00:00+00:00
AtY0laUfhglK3lC7,2018-12-09T10:00:00+00:00
AtY0laUfhglK3lC7,2018-12-09T10:00:00+00:00
AtY0laUfhglK3lC7,2018-12-09T10:00:00+00:00
AtY0laUfhglK3lC7,2018-12-09T10:00:00+00:00
AtY0laUfhglK3lC7,2018-12-09T10:00:00+00:00
AtY0laUfhglK3lC7,2018-12-09T10:00:00+00:00
AtY0laUfhglK3lC7,2018-12-09T10:00:00+00:00
AtY0laUfhglK3lC7,2018-12-09T10:00:00+00:00
AtY0laUfhglK3lC7,2018-12-09T10:00:00+00:00
AtY0laUfhglK3lC7,2018-12-09T10:00:00+00:00
AtY0laUfhglK3lC7,2018-12-09T10:00:00+00:00
AtY0laUfhglK3lC7,2018-12-09T10:00:00+00:00
AtY0laUfhglK3lC7,2018-12-09T10:00:00+00:00
AtY0laUfhglK3lC7,2018-12-09T10:00:00+00:00
AtY0laUfhglK3lC7,2018-12-09T10:00:00+00:00
AtY0laUfhglK3lC7,2018-12-09T10:00:00+00:00
AtY0laUfhglK3lC7,2018-12-09T10:00:00+00:00
AtY0laUfhglK3lC7,2018-12-09T10:00:00+00:00
AtY0laUfhglK3lC7,2018-12-09T10:00:00+00:00
AtY0laUfhglK3lC7,2018-12-09T10:00:00+00:00
AtY0laUfhglK3lC7,2018-12-09T10:00:00+00:00
AtY0laUfhglK3lC7,2018-12-09T10:00:00+00:00
AtY0laUfhglK3lC7,2018-12-09T10:00:00+00:00
AtY0laUfhglK3lC7,2018-12-09T10:00:00+00:00
AtY0laUfhglK3lC7,2018-12-09T10:00:00+00:00
AtY0laUfhglK3lC7,2018-12-09T10:00:00+00:00
AtY0laUfhglK3lC7,2018-12-09T10:00:00+00:00
AtY0laUfhglK3lC7,2018-12-09T10:00:00+00:00
AtY0laUfhglK3lC7,2018-12-09T10:00:00+00:00
AtY0laUfhglK3lC7,2018-12-09T10:00:00+00:00
AtY0laUfhglK3lC7,2018-12-09T10:00:00+00:00
AtY0laUfhglK3lC7,2018-12-09T10:00:00+00:00
AtY0laUfhglK3lC7,2018-12-09T10:00:00+00:00
AtY0laUfhglK3lC7,2018-12-09T10:00:00+00:00
AtY0laUfhglK3lC7,2018-12-09T10:00:00+00:00
AtY0laUfhglK3lC7,2018-12-09T10:00:00+00:00
AtY0laUfhglK3lC7,2018-12-09T10:00:00+00:00
AtY0laUfhglK3lC7,2018-12-09T10:00:00+00:00
AtY0laUfhglK3lC7,2018-12-09T10:00:00+00:00
AtY0laUfhglK3lC7,2018-12-09T10:00:00+00:00
AtY0laUfhglK3lC7,2018-12-09T10:00:00+00:00
AtY0laUfhglK3lC7,2018-12-09T10:00:00+00:00
AtY0laUfhglK3lC7,2018-12-09T10:00:00+00:00
AtY0laUfhglK3lC7,2018-12-09T10:00:00+00:00
AtY0laUfhglK3lC7,2018-12-09T10:00:00+00:00
AtY0laUfhglK3lC7,2018-12-09T10:00:00+00:00
AtY0laUfhglK3lC7,2018-12-09T10:00:00+00:00
AtY0laUfhglK3lC7,2018-12-09T10:00:00+00:00
AtY0laUfhglK3lC7,2018-12-09T10:00:00+00:00
AtY0laUfhglK3lC7,2018-12-09T10:00:00+00:00
AtY0laUfhglK3lC7,2018-12-09T10:00:00+00:00
AtY0laUfhglK3lC7,2018-12-09T10:00:00+00:00
AtY0laUfhglK3lC7,2018-12-09T10:00:00+00:00
AtY0laUfhglK3lC7,2018-12-09T10:00:00+00:00
AtY0laUfhglK3lC7,2018-12-09T10:00:00+00:00
AtY0laUfhglK3lC7,2018-12-09T10:00:00+00:00
AtY0laUfhglK3lC7,2018-12-09T10:00:00+00:00
AtY0laUfhglK3lC7,2018-12-09T10:00:00+00:00
AtY0laUfhglK3lC7,2018-12-09T10:00:00+00:00
AtY0laUfhglK3lC7,2018-12-09T10:00:00+00:00
AtY0laUfhglK3lC7,2018-12-09T10:00:00+00:00
AtY0laUfhglK3lC7,2018-12-09T10:00:00+00:00
AtY0laUfhglK3lC7,2018-12-09T10:00:00+00:00
AtY0laUfhglK3lC7,2018-12-09T10:00:00+00:00
AtY0laUfhglK3lC7,2018-12-09T10:00:00+00:00
AtY0laUfhglK3lC7,2018-12-09T10:00:00+00:00
AtY0laUfhglK3lC7,2018-12-09T10:00:00+00:00
AtY0laUfhglK3lC7,2018-12-09T10:00:00+00:00
AtY0laUfhglK3lC7,2018-12-09T10:00:00+00:00
AtY0laUfhglK3lC7,2018-12-09T10:00:00+00:00
AtY0laUfhglK3lC7,2018-12-09T10:00:00+00:00
AtY0laUfhglK3lC7,2018-12-09T10:00:00+00:00
AtY0laUfhglK3lC7,2018-12-09T10:00:00+00:00
AtY0laUfhglK3lC7,2018-12-09T10:00:00+00:00
AtY0laUfhglK3lC7,2018-12-09T10:00:00+00:00
AtY0laUfhglK3lC7,2018-12-09T10:00:00+00:00
AtY0laUfhglK3lC7,2018-12-09T10:00:00+00:00
AtY0laUfhglK3lC7,2018-12-09T10:00:00+00:00
AtY0laUfhglK3lC7,2018-12-09T10:00:00+00:00
AtY0laUfhglK3lC7,2018-12-09T10:00:00+00:00
AtY0laUfhglK3lC7,2018-12-09T10:00:00+00:00
AtY0laUfhglK3lC7,2018-12-09T10:00:00+00:00
AtY0laUfhglK3lC7,2018-12-09T10:00:00+00:00
AtY0laUfhglK3lC7,2018-12-09T10:00:00+00:00
AtY0laUfhglK3lC7,2018-12-09T10:00:00+00:00
AtY0laUfhglK3lC7,2018-12-09T10:00:00+00:00
AtY0laUfhglK3lC7,2018-12-09T10:00:00+00:00
AtY0laUfhglK3lC7,2018-12-09T10:00:00+00:00
AtY0laUfhglK3lC7,2018-12-09T10:00:00+00:00
AtY0laUfhglK3lC7,2018-12-09T10:00:00+00:00
AtY0laUfhglK3lC7,2018-12-09T10:00:00+00:00
AtY0laUfhglK3lC7,2018-12-09T10:00:00+00:00
AtY0laUfhglK3lC7,2018-12-09T10:00:00+00:00
AtY0laUfhglK3lC7,2018-12-09T10:00:00+00:00
AtY0laUfhglK3lC7,2018-12-09T10:00:00+00:00
AtY0laUfhglK3lC7,2018-12-09T10:00:00+00:00
AtY0laUfhglK3lC7,2018-12-09T10:00:00+00:00
AtY0laUfhglK3lC7,2018-12-09T10:00:00+00:00
AtY0laUfhglK3lC7,2018-12-09T10:00:00+00:00
AtY0laUfhglK3lC7,2018-12-09T10:00:00+00:00
AtY0laUfhglK3lC7,2018-12-09T10:00:00+00:00
AtY0laUfhglK3lC7,2018-12-09T10:00:00+00:00
AtY0laUfhglK3lC7,2018-12-09T10:00:00+00:00
AtY0laUfhglK3lC7,2018-12-09T10:00:00+00:00
AtY0laUfhglK3lC7,2018-12-09T10:00:00+00:00
AtY0laUfhglK3lC7,2018-12-09T10:00:00+00:00
AtY0laUfhglK3lC7,2018-12-09T10:00:00+00:00
AtY0laUfhglK3lC7,2018-12-09T10:00:00+00:00
AtY0laUfhglK3lC7,2018-12-09T10:00:00+00:00
AtY0laUfhglK3lC7,2018-12-09T10:00:00+00:00
AtY0laUfhglK3lC7,2018-12-09T10:00:00+00:00
AtY0laUfhglK3lC7,2018-12-09T10:00:00+00:00
AtY0laUfhglK3lC7,2018-12-09T10:00:00+00:00
AtY0laUfhglK3lC7,2018-12-09T10:00:00+00:00
AtY0laUfhglK3lC7,2018-12-09T10:00:00+00:00
AtY0laUfhglK3lC7,2018-12-09T10:00:00+00:00
AtY0laUfhglK3lC7,2018-12-09T10:00:00+00:00
AtY0laUfhglK3lC7,2018-12-09T10:00:00+00:00
AtY0laUfhglK3lC7,2018-12-09T10:00:00+00:00
AtY0laUfhglK3lC7,2018-12-09T10:00:00+00:00
AtY0laUfhglK3lC7,2018-12-09T10:00:00+00:00
AtY0laUfhglK3lC7,2018-12-09T10:00:00+00:00
AtY0laUfhglK3lC7,2018-12-09T10:00:00+00:00
AtY0laUfhglK3lC7,2018-12-09T10:00:00+00:00
AtY0laUfhglK3lC7,2018-12-09T10:00:00+00:00
AtY0laUfhglK3lC7,2018-12-09T10:00:00+00:00
AtY0laUfhglK3lC7,2018-12-09T10:00:00+00:00
AtY0laUfhglK3lC7,2018-12-09T10:00:00+00:00
AtY0laUfhglK3lC7,2018-12-09T10:00:00+00:00
AtY0laUfhglK3lC7,2018-12-09T10:00:00+00:00
AtY0laUfhglK3lC7,2018-12-09T10:00:00+00:00
AtY0laUfhglK3lC7,2018-12-09T10:00:00+00:00
AtY0laUfhglK3lC7,2018-12-09T10:00:00+00:00
AtY0laUfhglK3lC7,2018-12-09T10:00:00+00:00
AtY0laUfhglK3lC7,2018-12-09T10:00:00+00:00
AtY0laUfhglK3lC7,2018-12-09T10:00:00+00:00
AtY0laUfhglK3lC7,2018-12-09T10:00:00+00:00
AtY0laUfhglK3lC7,2018-12-09T10:00:00+00:00
AtY0laUfhglK3lC7,2018-12-09T10:00:00+00:00
AtY0laUfhglK3lC7,2018-12-09T10:00:00+00:00
AtY0laUfhglK3lC7,2018-12-09T10:00:00+00:00
AtY0laUfhglK3lC7,2018-12-09T10:00:00+00:00
AtY0laUfhglK3lC7,2018-12-09T10:00:00+00:00
AtY0laUfhglK3lC7,2018-12-09T10:00:00+00:00
AtY0laUfhglK3lC7,2018-12-09T10:00:00+00:00
AtY0laUfhglK3lC7,2018-12-09T10:00:00+00:00
AtY0laUfhglK3lC7,2018-12-09T10:00:00+00:00
AtY0laUfhglK3lC7,2018-12-09T10:00:00+00:00
AtY0laUfhglK3lC7,2018-12-09T10:00:00+00:00
AtY0laUfhglK3lC7,2018-12-09T10:00:00+00:00
AtY0laUfhglK3lC7,2018-12-09T10:00:00+00:00
AtY0laUfhglK3lC7,2018-12-09T10:00:00+00:00
AtY0laUfhglK3lC7,2018-12-09T10:00:00+00:00
AtY0laUfhglK3lC7,2018-12-09T10:00:00+00:00
AtY0laUfhglK3lC7,2018-12-09T10:00:00+00:00
AtY0laUfhglK3lC7,2018-12-09T10:00:00+00:00
AtY0laUfhglK3lC7,2018-12-09T10:00:00+00:00
AtY0laUfhglK3lC7,2018-12-09T10:00:00+00:00
AtY0laUfhglK3lC7,2018-12-09T10:00:00+00:00
AtY0laUfhglK3lC7,2018-12-09T10:00:00+00:00
AtY0laUfhglK3lC7,2018-12-09T10:00:00+00:00
AtY0laUfhglK3lC7,2018-12-09T10:00:00+00:00
AtY0laUfhglK3lC7,2018-12-09T10:00:00+00:00
AtY0laUfhglK3lC7,2018-12-09T10:00:00+00:00
AtY0laUfhglK3lC7,2018-12-09T10:00:00+00:00
AtY0laUfhglK3lC7,2018-12-09T10:00:00+00:00
AtY0laUfhglK3lC7,2018-12-09T10:00:00+00:00
AtY0laUfhglK3lC7,2018-12-09T10:00:00+00:00
AtY0laUfhglK3lC7,2018-12-09T10:00:00+00:00
AtY0laUfhglK3lC7,2018-12-09T10:00:00+00:00
AtY0laUfhglK3lC7,2018-12-09T10:00:00+00:00
AtY0laUfhglK3lC7,2018-12-09T10:00:00+00:00
AtY0laUfhglK3lC7,2018-12-09T10:00:00+00:00
AtY0laUfhglK3lC7,2018-12-09T10:00:00+00:00
AtY0laUfhglK3lC7,2018-12-09T10:00:00+00:00
AtY0laUfhglK3lC7,2018-12-09T10:00:00+00:00
AtY0laUfhglK3lC7,2018-12-09T10:00:00+00:00
AtY0laUfhglK3lC7,2018-12-09T10:00:00+00:00
AtY0laUfhglK3lC7,2018-12-09T10:00:00+00:00
AtY0laUfhglK3lC7,2018-12-09T10:00:00+00:00
AtY0laUfhglK3lC7,2018-12-09T10:00:00+00:00
AtY0laUfhglK3lC7,2018-12-09T10:00:00+00:00
AtY0laUfhglK3lC7,2018-12-09T10:00:00+00:00
AtY0laUfhglK3lC7,2018-12-09T10:00:00+00:00
AtY0laUfhglK3lC7,2018-12-09T10:00:00+00:00
AtY0laUfhglK3lC7,2018-12-09T10:00:00+00:00
AtY0laUfhglK3lC7,2018-12-09T10:00:00+00:00
AtY0laUfhglK3lC7,2018-12-09T10:00:00+00:00
AtY0laUfhglK3lC7,2018-12-09T10:00:00+00:00
AtY0laUfhglK3lC7,2018-12-09T10:00:00+00:00
AtY0laUfhglK3lC7,2018-12-09T10:00:00+00:00
AtY0laUfhglK3lC7,2018-12-09T10:00:00+00:00
AtY0laUfhglK3lC7,2018-12-09T10:00:00+00:00
AtY0laUfhglK3lC7,2018-12-09T10:00:00+00:00
AtY0laUfhglK3lC7,2018-12-09T10:00:00+00:00
AtY0laUfhglK3lC7,2018-12-09T10:00:00+00:00
AtY0laUfhglK3lC7,2018-12-09T10:00:00+00:00
AtY0laUfhglK3lC7,2018-12-09T10:00:00+00:00
AtY0laUfhglK3lC7,2018-12-09T10:00:00+00:00
AtY0laUfhglK3lC7,2018-12-09T10:00:00+00:00
AtY0laUfhglK3lC7,2018-12-09T10:00:00+00:00
AtY0laUfhglK3lC7,2018-12-09T10:00:00+00:00
AtY0laUfhglK3lC7,2018-12-09T10:00:00+00:00
AtY0laUfhglK3lC7,2018-12-09T10:00:00+00:00
AtY0laUfhglK3lC7,2018-12-09T10:00:00+00:00
AtY0laUfhglK3lC7,2018-12-09T10:00:00+00:00
AtY0laUfhglK3lC7,2018-12-09T10:00:00+00:00
AtY0laUfhglK3lC7,2018-12-09T10:00:00+00:00
AtY0laUfhglK3lC7,2018-12-09T10:00:00+00:00
AtY0laUfhglK3lC7,2018-12-09T10:00:00+00:00
AtY0laUfhglK3lC7,2018-12-09T10:00:00+00:00
AtY0laUfhglK3lC7,2018-12-09T10:00:00+00:00
AtY0laUfhglK3lC7,2018-12-09T10:00:00+00:00
AtY0laUfhglK3lC7,2018-12-09T10:00:00+00:00
AtY0laUfhglK3lC7,2018-12-09T10:00:00+00:00
AtY0laUfhglK3lC7,2018-12-09T10:00:00+00:00
AtY0laUfhglK3lC7,2018-12-09T10:00:00+00:00
AtY0laUfhglK3lC7,2018-12-09T10:00:00+00:00
AtY0laUfhglK3lC7,2018-12-09T10:00:00+00:00
AtY0laUfhglK3lC7,2018-12-09T10:00:00+00:00
AtY0laUfhglK3lC7,2018-12-09T10:00:00+00:00
AtY0laUfhglK3lC7,2018-12-09T10:00:00+00:00
AtY0laUfhglK3lC7,2018-12-09T10:00:00+00:00
AtY0laUfhglK3lC7,2018-12-09T10:00:00+00:00
AtY0laUfhglK3lC7,2018-12-09T10:00:00+00:00
AtY0laUfhglK3lC7,2018-12-09T10:00:00+00:00
AtY0laUfhglK3lC7,2018-12-09T10:00:00+00:00
AtY0laUfhglK3lC7,2018-12-09T10:00:00+00:00
AtY0laUfhglK3lC7,2018-12-09T10:00:00+00:00
AtY0laUfhglK3lC7,2018-12-09T10:00:00+00:00
AtY0laUfhglK3lC7,2018-12-09T10:00:00+00:00
AtY0laUfhglK3lC7,2018-12-09T10:00:00+00:00
AtY0laUfhglK3lC7,2018-12-09T10:00:00+00:00
AtY0laUfhglK3lC7,2018-12-09T10:00:00+00:00
AtY0laUfhglK3lC7,2018-12-09T10:00:00+00:00
AtY0laUfhglK3lC7,2018-12-09T10:00:00+00:00
AtY0laUfhglK3lC7,2018-12-09T10:00:00+00:00
AtY0laUfhglK3lC7,2018-12-09T10:00:00+00:00
AtY0laUfhglK3lC7,2018-12-09T10:00:00+00:00
AtY0laUfhglK3lC7,2018-12-09T10:00:00+00:00
AtY0laUfhglK3lC7,2018-12-09T10:00:00+00:00
AtY0laUfhglK3lC7,2018-12-09T10:00:00+00:00
AtY0laUfhglK3lC7,2018-12-09T10:00:00+00:00
AtY0laUfhglK3lC7,2018-12-09T10:00:00+00:00
AtY0laUfhglK3lC7,2018-12-09T10:00:00+00:00
AtY0laUfhglK3lC7,2018-12-09T10:00:00+00:00
AtY0laUfhglK3lC7,2018-12-09T10:00:00+00:00
AtY0laUfhglK3lC7,2018-12-09T10:00:00+00:00
AtY0laUfhglK3lC7,2018-12-09T10:00:00+00:00
AtY0laUfhglK3lC7,2018-12-09T10:00:00+00:00
AtY0laUfhglK3lC7,2018-12-09T10:00:00+00:00
AtY0laUfhglK3lC7,2018-12-09T10:00:00+00:00
AtY0laUfhglK3lC7,2018-12-09T10:00:00+00:00
AtY0laUfhglK3lC7,2018-12-09T10:00:00+00:00
AtY0laUfhglK3lC7,2018-12-09T10:00:00+00:00
AtY0laUfhglK3lC7,2018-12-09T10:00:00+00:00
AtY0laUfhglK3lC7,2018-12-09T10:00:00+00:00
AtY0laUfhglK3lC7,2018-12-09T10:00:00+00:00
AtY0laUfhglK3lC7,2018-12-09T10:00:00+00:00
AtY0laUfhglK3lC7,2018-12-09T10:00:00+00:00
AtY0laUfhglK3lC7,2018-12-09T10:00:00+00:00
AtY0laUfhglK3lC7,2018-12-09T10:00:00+00:00
AtY0laUfhglK3lC7,2018-12-09T10:00:00+00:00
AtY0laUfhglK3lC7,2018-12-09T10:00:00+00:00
AtY0laUfhglK3lC7,2018-12-09T10:00:00+00:00
AtY0laUfhglK3lC7,2018-12-09T10:00:00+00:00
AtY0laUfhglK3lC7,2018-12-09T10:00:00+00:00
AtY0laUfhglK3lC7,2018-12-09T10:00:00+00:00
AtY0laUfhglK3lC7,2018-12-09T10:00:00+00:00
AtY0laUfhglK3lC7,2018-12-09T10:00:00+00:00
AtY0laUfhglK3lC7,2018-12-09T10:00:00+00:00
AtY0laUfhglK3lC7,2018-12-09T10:00:00+00:00
AtY0laUfhglK3lC7,2018-12-09T10:00:00+00:00
AtY0laUfhglK3lC7,2018-12-09T10:00:00+00:00
AtY0laUfhglK3lC7,2018-12-09T10:00:00+00:00
AtY0laUfhglK3lC7,2018-12-09T10:00:00+00:00
AtY0laUfhglK3lC7,2018-12-09T10:00:00+00:00
AtY0laUfhglK3lC7,2018-12-09T10:00:00+00:00
AtY0laUfhglK3lC7,2018-12-09T10:00:00+00:00
AtY0laUfhglK3lC7,2018-12-09T10:00:00+00:00
AtY0laUfhglK3lC7,2018-12-09T10:00:00+00:00
AtY0laUfhglK3lC7,2018-12-09T10:00:00+00:00
AtY0laUfhglK3lC7,2018-12-09T10:00:00+00:00
AtY0laUfhglK3lC7,2018-12-09T10:00:00+00:00
AtY0laUfhglK3lC7,2018-12-09T10:00:00+00:00
AtY0laUfhglK3lC7,2018-12-09T10:00:00+00:00
AtY0laUfhglK3lC7,2018-12-09T10:00:00+00:00
AtY0laUfhglK3lC7,2018-12-09T10:00:00+00:00
AtY0laUfhglK3lC7,2018-12-09T10:00:00+00:00
AtY0laUfhglK3lC7,2018-12-09T10:00:00+00:00
AtY0laUfhglK3lC7,2018-12-09T10:00:00+00:00
AtY0laUfhglK3lC7,2018-12-09T10:00:00+00:00
AtY0laUfhglK3lC7,2018-12-09T10:00:00+00:00
AtY0laUfhglK3lC7,2018-12-09T10:00:00+00:00
AtY0laUfhglK3lC7,2018-12-09T10:00:00+00:00
AtY0laUfhglK3lC7,2018-12-09T10:00:00+00:00
AtY0laUfhglK3lC7,2018-12-09T10:00:00+00:00
AtY0laUfhglK3lC7,2018-12-09T10:00:00+00:00
AtY0laUfhglK3lC7,2018-12-09T10:00:00+00:00
AtY0laUfhglK3lC7,2018-12-09T10:00:00+00:00
AtY0laUfhglK3lC7,2018-12-09T10:00:00+00:00
AtY0laUfhglK3lC7,2018-12-09T10:00:00+00:00
AtY0laUfhglK3lC7,2018-12-09T10:00:00+00:00
AtY0laUfhglK3lC7,2018-12-09T10:00:00+00:00
AtY0laUfhglK3lC7,2018-12-09T10:00:00+00:00
AtY0laUfhglK3lC7,2018-12-09T10:00:00+00:00
AtY0laUfhglK3lC7,2018-12-09T10:00:00+00:00
AtY0laUfhglK3lC7,2018-12-09T10:00:00+00:00
AtY0laUfhglK3lC7,2018-12-09T10:00:00+00:00
AtY0laUfhglK3lC7,2018-12-09T10:00:00+00:00
AtY0laUfhglK3lC7,2018-12-09T10:00:00+00:00
AtY0laUfhglK3lC7,2018-12-09T10:00:00+00:00
AtY0laUfhglK3lC7,2018-12-09T10:00:00+00:00
AtY0laUfhglK3lC7,2018-12-09T10:00:00+00:00
AtY0laUfhglK3lC7,2018-12-09T10:00:00+00:00
AtY0laUfhglK3lC7,2018-12-09T10:00:00+00:00
AtY0laUfhglK3lC7,2018-12-09T10:00:00+00:00
AtY0laUfhglK3lC7,2018-12-09T10:00:00+00:00
AtY0laUfhglK3lC7,2018-12-09T10:00:00+00:00
AtY0laUfhglK3lC7,2018-12-09T10:00:00+00:00
AtY0laUfhglK3lC7,2018-12-09T10:00:00+00:00
AtY0laUfhglK3lC7,2018-12-09T10:00:00+00:00
AtY0laUfhglK3lC7,2018-12-09T10:00:00+00:00
AtY0laUfhglK3lC7,2018-12-09T10:00:00+00:00
AtY0laUfhglK3lC7,2018-12-09T10:00:00+00:00
AtY0laUfhglK3lC7,2018-12-09T10:00:00+00:00
AtY0laUfhglK3lC7,2018-12-09T10:00:00+00:00
AtY0laUfhglK3lC7,2018-12-09T10:00:00+00:00
AtY0laUfhglK3lC7,2018-12-09T10:00:00+00:00
AtY0laUfhglK3lC7,2018-12-09T10:00:00+00:00
AtY0laUfhglK3lC7,2018-12-09T10:00:00+00:00
AtY0laUfhglK3lC7,2018-12-09T10:00:00+00:00
AtY0laUfhglK3lC7,2018-12-09T10:00:00+00:00
AtY0laUfhglK3lC7,2018-12-09T10:00:00+00:00
AtY0laUfhglK3lC7,2018-12-09T10:00:00+00:00
AtY0laUfhglK3lC7,2018-12-09T10:00:00+00:00
AtY0laUfhglK3lC7,2018-12-09T10:00:00+00:00
AtY0laUfhglK3lC7,2018-12-09T10:00:00+00:00
AtY0laUfhglK3lC7,2018-12-09T10:00:00+00:00
AtY0laUfhglK3lC7,2018-12-09T10:00:00+00:00
AtY0laUfhglK3lC7,2018-12-09T10:00:00+00:00
AtY0laUfhglK3lC7,2018-12-09T10:00:00+00:00
AtY0laUfhglK3lC7,2018-12-09T10:00:00+00:00
AtY0laUfhglK3lC7,2018-12-09T10:00:00+00:00
AtY0laUfhglK3lC7,2018-12-09T10:00:00+00:00
AtY0laUfhglK3lC7,2018-12-09T10:00:00+00:00
AtY0laUfhglK3lC7,2018-12-09T10:00:00+00:00
AtY0laUfhglK3lC7,2018-12-09T10:00:00+00:00
AtY0laUfhglK3lC7,2018-12-09T10:00:00+00:00
AtY0laUfhglK3lC7,2018-12-09T10:00:00+00:00
AtY0laUfhglK3lC7,2018-12-09T10:00:00+00:00
AtY0laUfhglK3lC7,2018-12-09T10:00:00+00:00
AtY0laUfhglK3lC7,2018-12-09T10:00:00+00:00
AtY0laUfhglK3lC7,2018-12-09T10:00:00+00:00
AtY0laUfhglK3lC7,2018-12-09T10:00:00+00:00
AtY0laUfhglK3lC7,2018-12-09T10:00:00+00:00
AtY0laUfhglK3lC7,2018-12-09T10:00:00+00:00
AtY0laUfhglK3lC7,2018-12-09T10:00:00+00:00
AtY0laUfhglK3lC7,2018-12-09T10:00:00+00:00
AtY0laUfhglK3lC7,2018-12-09T10:00:00+00:00
AtY0laUfhglK3lC7,2018-12-09T10:00:00+00:00
AtY0laUfhglK3lC7,2018-12-09T10:00:00+00:00
AtY0laUfhglK3lC7,2018-12-09T10:00:00+00:00
AtY0laUfhglK3lC7,2018-12-09T10:00:00+00:00
AtY0laUfhglK3lC7,2018-12-09T10:00:00+00:00
AtY0laUfhglK3lC7,2018-12-09T10:00:00+00:00
AtY0laUfhglK3lC7,2018-12-09T10:00:00+00:00
AtY0laUfhglK3lC7,2018-12-09T10:00:00+00:00
AtY0laUfhglK3lC7,2018-12-09T10:00:00+00:00
AtY0laUfhglK3lC7,2018-12-09T10:00:00+00:00
AtY0laUfhglK3lC7,2018-12-09T10:00:00+00:00
AtY0laUfhglK3lC7,2018-12-09T10:00:00+00:00
AtY0laUfhglK3lC7,2018-12-09T10:00:00+00:00
AtY0laUfhglK3lC7,2018-12-09T10:00:00+00:00
AtY0laUfhglK3lC7,2018-12-09T10:00:00+00:00
AtY0laUfhglK3lC7,2018-12-09T10:00:00+00:00
AtY0laUfhglK3lC7,2018-12-09T10:00:00+00:00
AtY0laUfhglK3lC7,2018-12-09T10:00:00+00:00
AtY0laUfhglK3lC7,2018-12-09T10:00:00+00:00
AtY0laUfhglK3lC7,2018-12-09T10:00:00+00:00
AtY0laUfhglK3lC7,2018-12-09T10:00:00+00:00
AtY0laUfhglK3lC7,2018-12-09T10:00:00+00:00
AtY0laUfhglK3lC7,2018-12-09T10:00:00+00:00
AtY0laUfhglK3lC7,2018-12-09T10:00:00+00:00
AtY0laUfhglK3lC7,2018-12-09T10:00:00+00:00
AtY0laUfhglK3lC7,2018-12-09T10:00:00+00:00
AtY0laUfhglK3lC7,2018-12-09T10:00:00+00:00
AtY0laUfhglK3lC7,2018-12-09T10:00:00+00:00
AtY0laUfhglK3lC7,2018-12-09T10:00:00+00:00
AtY0laUfhglK3lC7,2018-12-09T10:00:00+00:00
AtY0laUfhglK3lC7,2018-12-09T10:00:00+00:00
AtY0laUfhglK3lC7,2018-12-09T10:00:00+00:00
AtY0laUfhglK3lC7,2018-12-09T10:00:00+00:00
AtY0laUfhglK3lC7,2018-12-09T10:00:00+00:00
AtY0laUfhglK3lC7,2018-12-09T10:00:00+00:00
AtY0laUfhglK3lC7,2018-12-09T10:00:00+00:00
SAZuXPGUrfbcn5UA,2018-12-09T11:00:00+00:00
SAZuXPGUrfbcn5UA,2018-12-09T11:00:00+00:00
SAZuXPGUrfbcn5UA,2018-12-09T11:00:00+00:00
SAZuXPGUrfbcn5UA,2018-12-09T11:00:00+00:00
SAZuXPGUrfbcn5UA,2018-12-09T11:00:00+00:00
SAZuXPGUrfbcn5UA,2018-12-09T11:00:00+00:00
SAZuXPGUrfbcn5UA,2018-12-09T11:00:00+00:00
SAZuXPGUrfbcn5UA,2018-12-09T11:00:00+00:00
SAZuXPGUrfbcn5UA,2018-12-09T11:00:00+00:00
SAZuXPGUrfbcn5UA,2018-12-09T11:00:00+00:00
SAZuXPGUrfbcn5UA,2018-12-09T11:00:00+00:00
SAZuXPGUrfbcn5UA,2018-12-09T11:00:00+00:00
SAZuXPGUrfbcn5UA,2018-12-09T11:00:00+00:00
SAZuXPGUrfbcn5UA,2018-12-09T11:00:00+00:00
SAZuXPGUrfbcn5UA,2018-12-09T11:00:00+00:00
SAZuXPGUrfbcn5UA,2018-12-09T11:00:00+00:00
SAZuXPGUrfbcn5UA,2018-12-09T11:00:00+00:00
SAZuXPGUrfbcn5UA,2018-12-09T11:00:00+00:00
SAZuXPGUrfbcn5UA,2018-12-09T11:00:00+00:00
SAZuXPGUrfbcn5UA,2018-12-09T11:00:00+00:00
SAZuXPGUrfbcn5UA,2018-12-09T11:00:00+00:00
SAZuXPGUrfbcn5UA,2018-12-09T11:00:00+00:00
SAZuXPGUrfbcn5UA,2018-12-09T11:00:00+00:00
SAZuXPGUrfbcn5UA,2018-12-09T11:00:00+00:00
SAZuXPGUrfbcn5UA,2018-12-09T11:00:00+00:00
SAZuXPGUrfbcn5UA,2018-12-09T11:00:00+00:00
SAZuXPGUrfbcn5UA,2018-12-09T11:00:00+00:00
SAZuXPGUrfbcn5UA,2018-12-09T11:00:00+00:00
SAZuXPGUrfbcn5UA,2018-12-09T11:00:00+00:00
SAZuXPGUrfbcn5UA,2018-12-09T11:00:00+00:00
SAZuXPGUrfbcn5UA,2018-12-09T11:00:00+00:00
SAZuXPGUrfbcn5UA,2018-12-09T11:00:00+00:00
SAZuXPGUrfbcn5UA,2018-12-09T11:00:00+00:00
SAZuXPGUrfbcn5UA,2018-12-09T11:00:00+00:00
SAZuXPGUrfbcn5UA,2018-12-09T11:00:00+00:00
SAZuXPGUrfbcn5UA,2018-12-09T11:00:00+00:00
SAZuXPGUrfbcn5UA,2018-12-09T11:00:00+00:00
SAZuXPGUrfbcn5UA,2018-12-09T11:00:00+00:00
SAZuXPGUrfbcn5UA,2018-12-09T11:00:00+00:00
SAZuXPGUrfbcn5UA,2018-12-09T11:00:00+00:00
SAZuXPGUrfbcn5UA,2018-12-09T11:00:00+00:00
SAZuXPGUrfbcn5UA,2018-12-09T11:00:00+00:00
SAZuXPGUrfbcn5UA,2018-12-09T11:00:00+00:00
SAZuXPGUrfbcn5UA,2018-12-09T11:00:00+00:00
SAZuXPGUrfbcn5UA,2018-12-09T11:00:00+00:00
SAZuXPGUrfbcn5UA,2018-12-09T11:00:00+00:00
SAZuXPGUrfbcn5UA,2018-12-09T11:00:00+00:00
SAZuXPGUrfbcn5UA,2018-12-09T11:00:00+00:00
SAZuXPGUrfbcn5UA,2018-12-09T11:00:00+00:00
SAZuXPGUrfbcn5UA,2018-12-09T11:00:00+00:00
SAZuXPGUrfbcn5UA,2018-12-09T11:00:00+00:00
SAZuXPGUrfbcn5UA,2018-12-09T11:00:00+00:00
SAZuXPGUrfbcn5UA,2018-12-09T11:00:00+00:00
SAZuXPGUrfbcn5UA,2018-12-09T11:00:00+00:00
SAZuXPGUrfbcn5UA,2018-12-09T11:00:00+00:00
SAZuXPGUrfbcn5UA,2018-12-09T11:00:00+00:00
SAZuXPGUrfbcn5UA,2018-12-09T11:00:00+00:00
SAZuXPGUrfbcn5UA,2018-12-09T11:00:00+00:00
SAZuXPGUrfbcn5UA,2018-12-09T11:00:00+00:00
SAZuXPGUrfbcn5UA,2018-12-09T11:00:00+00:00
SAZuXPGUrfbcn5UA,2018-12-09T11:00:00+00:00
SAZuXPGUrfbcn5UA,2018-12-09T11:00:00+00:00
SAZuXPGUrfbcn5UA,2018-12-09T11:00:00+00:00
SAZuXPGUrfbcn5UA,2018-12-09T11:00:00+00:00
SAZuXPGUrfbcn5UA,2018-12-09T11:00:00+00:00
SAZuXPGUrfbcn5UA,2018-12-09T11:00:00+00:00
SAZuXPGUrfbcn5UA,2018-12-09T11:00:00+00:00
SAZuXPGUrfbcn5UA,2018-12-09T11:00:00+00:00
SAZuXPGUrfbcn5UA,2018-12-09T11:00:00+00:00
SAZuXPGUrfbcn5UA,2018-12-09T11:00:00+00:00
SAZuXPGUrfbcn5UA,2018-12-09T11:00:00+00:00
SAZuXPGUrfbcn5UA,2018-12-09T11:00:00+00:00
SAZuXPGUrfbcn5UA,2018-12-09T11:00:00+00:00
SAZuXPGUrfbcn5UA,2018-12-09T11:00:00+00:00
SAZuXPGUrfbcn5UA,2018-12-09T11:00:00+00:00
SAZuXPGUrfbcn5UA,2018-12-09T11:00:00+00:00
SAZuXPGUrfbcn5UA,2018-12-09T11:00:00+00:00
SAZuXPGUrfbcn5UA,2018-12-09T11:00:00+00:00
SAZuXPGUrfbcn5UA,2018-12-09T11:00:00+00:00
SAZuXPGUrfbcn5UA,2018-12-09T11:00:00+00:00
SAZuXPGUrfbcn5UA,2018-12-09T11:00:00+00:00
SAZuXPGUrfbcn5UA,2018-12-09T11:00:00+00:00
SAZuXPGUrfbcn5UA,2018-12-09T11:00:00+00:00
SAZuXPGUrfbcn5UA,2018-12-09T11:00:00+00:00
SAZuXPGUrfbcn5UA,2018-12-09T11:00:00+00:00
SAZuXPGUrfbcn5UA,2018-12-09T11:00:00+00:00
SAZuXPGUrfbcn5UA,2018-12-09T11:00:00+00:00
SAZuXPGUrfbcn5UA,2018-12-09T11:00:00+00:00
SAZuXPGUrfbcn5UA,2018-12-09T11:00:00+00:00
SAZuXPGUrfbcn5UA,2018-12-09T11:00:00+00:00
SAZuXPGUrfbcn5UA,2018-12-09T11:00:00+00:00
SAZuXPGUrfbcn5UA,2018-12-09T11:00:00+00:00
SAZuXPGUrfbcn5UA,2018-12-09T11:00:00+00:00
SAZuXPGUrfbcn5UA,2018-12-09T11:00:00+00:00
SAZuXPGUrfbcn5UA,2018-12-09T11:00:00+00:00
SAZuXPGUrfbcn5UA,2018-12-09T11:00:00+00:00
SAZuXPGUrfbcn5UA,2018-12-09T11:00:00+00:00
SAZuXPGUrfbcn5UA,2018-12-09T11:00:00+00:00
SAZuXPGUrfbcn5UA,2018-12-09T11:00:00+00:00
SAZuXPGUrfbcn5UA,2018-12-09T11:00:00+00:00
SAZuXPGUrfbcn5UA,2018-12-09T11:00:00+00:00
SAZuXPGUrfbcn5UA,2018-12-09T11:00:00+00:00
SAZuXPGUrfbcn5UA,2018-12-09T11:00:00+00:00
SAZuXPGUrfbcn5UA,2018-12-09T11:00:00+00:00
SAZuXPGUrfbcn5UA,2018-12-09T11:00:00+00:00
SAZuXPGUrfbcn5UA,2018-12-09T11:00:00+00:00
SAZuXPGUrfbcn5UA,2018-12-09T11:00:00+00:00
SAZuXPGUrfbcn5UA,2018-12-09T11:00:00+00:00
SAZuXPGUrfbcn5UA,2018-12-09T11:00:00+00:00
SAZuXPGUrfbcn5UA,2018-12-09T11:00:00+00:00
SAZuXPGUrfbcn5UA,2018-12-09T11:00:00+00:00
SAZuXPGUrfbcn5UA,2018-12-09T11:00:00+00:00
SAZuXPGUrfbcn5UA,2018-12-09T11:00:00+00:00
SAZuXPGUrfbcn5UA,2018-12-09T11:00:00+00:00
SAZuXPGUrfbcn5UA,2018-12-09T11:00:00+00:00
SAZuXPGUrfbcn5UA,2018-12-09T11:00:00+00:00
SAZuXPGUrfbcn5UA,2018-12-09T11:00:00+00:00
SAZuXPGUrfbcn5UA,2018-12-09T11:00:00+00:00
SAZuXPGUrfbcn5UA,2018-12-09T11:00:00+00:00
SAZuXPGUrfbcn5UA,2018-12-09T11:00:00+00:00
SAZuXPGUrfbcn5UA,2018-12-09T11:00:00+00:00
SAZuXPGUrfbcn5UA,2018-12-09T11:00:00+00:00
SAZuXPGUrfbcn5UA,2018-12-09T11:00:00+00:00
SAZuXPGUrfbcn5UA,2018-12-09T11:00:00+00:00
SAZuXPGUrfbcn5UA,2018-12-09T11:00:00+00:00
SAZuXPGUrfbcn5UA,2018-12-09T11:00:00+00:00
SAZuXPGUrfbcn5UA,2018-12-09T11:00:00+00:00
SAZuXPGUrfbcn5UA,2018-12-09T11:00:00+00:00
SAZuXPGUrfbcn5UA,2018-12-09T11:00:00+00:00
SAZuXPGUrfbcn5UA,2018-12-09T11:00:00+00:00
SAZuXPGUrfbcn5UA,2018-12-09T11:00:00+00:00
SAZuXPGUrfbcn5UA,2018-12-09T11:00:00+00:00
SAZuXPGUrfbcn5UA,2018-12-09T11:00:00+00:00
SAZuXPGUrfbcn5UA,2018-12-09T11:00:00+00:00
SAZuXPGUrfbcn5UA,2018-12-09T11:00:00+00:00
SAZuXPGUrfbcn5UA,2018-12-09T11:00:00+00:00
SAZuXPGUrfbcn5UA,2018-12-09T11:00:00+00:00
SAZuXPGUrfbcn5UA,2018-12-09T11:00:00+00:00
SAZuXPGUrfbcn5UA,2018-12-09T11:00:00+00:00
SAZuXPGUrfbcn5UA,2018-12-09T11:00:00+00:00
SAZuXPGUrfbcn5UA,2018-12-09T11:00:00+00:00
SAZuXPGUrfbcn5UA,2018-12-09T11:00:00+00:00
SAZuXPGUrfbcn5UA,2018-12-09T11:00:00+00:00
SAZuXPGUrfbcn5UA,2018-12-09T11:00:00+00:00
SAZuXPGUrfbcn5UA,2018-12-09T11:00:00+00:00
SAZuXPGUrfbcn5UA,2018-12-09T11:00:00+00:00
SAZuXPGUrfbcn5UA,2018-12-09T11:00:00+00:00
SAZuXPGUrfbcn5UA,2018-12-09T11:00:00+00:00
SAZuXPGUrfbcn5UA,2018-12-09T11:00:00+00:00
SAZuXPGUrfbcn5UA,2018-12-09T11:00:00+00:00
SAZuXPGUrfbcn5UA,2018-12-09T11:00:00+00:00
SAZuXPGUrfbcn5UA,2018-12-09T11:00:00+00:00
SAZuXPGUrfbcn5UA,2018-12-09T11:00:00+00:00
SAZuXPGUrfbcn5UA,2018-12-09T11:00:00+00:00
SAZuXPGUrfbcn5UA,2018-12-09T11:00:00+00:00
SAZuXPGUrfbcn5UA,2018-12-09T11:00:00+00:00
SAZuXPGUrfbcn5UA,2018-12-09T11:00:00+00:00
SAZuXPGUrfbcn5UA,2018-12-09T11:00:00+00:00
SAZuXPGUrfbcn5UA,2018-12-09T11:00:00+00:00
SAZuXPGUrfbcn5UA,2018-12-09T11:00:00+00:00
SAZuXPGUrfbcn5UA,2018-12-09T11:00:00+00:00
SAZuXPGUrfbcn5UA,2018-12-09T11:00:00+00:00
SAZuXPGUrfbcn5UA,2018-12-09T11:00:00+00:00
SAZuXPGUrfbcn5UA,2018-12-09T11:00:00+00:00
SAZuXPGUrfbcn5UA,2018-12-09T11:00:00+00:00
SAZuXPGUrfbcn5UA,2018-12-09T11:00:00+00:00
SAZuXPGUrfbcn5UA,2018-12-09T11:00:00+00:00
SAZuXPGUrfbcn5UA,2018-12-09T11:00:00+00:00
SAZuXPGUrfbcn5UA,2018-12-09T11:00:00+00:00
SAZuXPGUrfbcn5UA,2018-12-09T11:00:00+00:00
SAZuXPGUrfbcn5UA,2018-12-09T11:00:00+00:00
SAZuXPGUrfbcn5UA,2018-12-09T11:00:00+00:00
SAZuXPGUrfbcn5UA,2018-12-09T11:00:00+00:00
SAZuXPGUrfbcn5UA,2018-12-09T11:00:00+00:00
SAZuXPGUrfbcn5UA,2018-12-09T11:00:00+00:00
SAZuXPGUrfbcn5UA,2018-12-09T11:00:00+00:00
SAZuXPGUrfbcn5UA,2018-12-09T11:00:00+00:00
SAZuXPGUrfbcn5UA,2018-12-09T11:00:00+00:00
SAZuXPGUrfbcn5UA,2018-12-09T11:00:00+00:00
SAZuXPGUrfbcn5UA,2018-12-09T11:00:00+00:00
SAZuXPGUrfbcn5UA,2018-12-09T11:00:00+00:00
SAZuXPGUrfbcn5UA,2018-12-09T11:00:00+00:00
SAZuXPGUrfbcn5UA,2018-12-09T11:00:00+00:00
SAZuXPGUrfbcn5UA,2018-12-09T11:00:00+00:00
SAZuXPGUrfbcn5UA,2018-12-09T11:00:00+00:00
SAZuXPGUrfbcn5UA,2018-12-09T11:00:00+00:00
SAZuXPGUrfbcn5UA,2018-12-09T11:00:00+00:00
SAZuXPGUrfbcn5UA,2018-12-09T11:00:00+00:00
SAZuXPGUrfbcn5UA,2018-12-09T11:00:00+00:00
SAZuXPGUrfbcn5UA,2018-12-09T11:00:00+00:00
SAZuXPGUrfbcn5UA,2018-12-09T11:00:00+00:00
SAZuXPGUrfbcn5UA,2018-12-09T11:00:00+00:00
SAZuXPGUrfbcn5UA,2018-12-09T11:00:00+00:00
SAZuXPGUrfbcn5UA,2018-12-09T11:00:00+00:00
SAZuXPGUrfbcn5UA,2018-12-09T11:00:00+00:00
SAZuXPGUrfbcn5UA,2018-12-09T11:00:00+00:00
SAZuXPGUrfbcn5UA,2018-12-09T11:00:00+00:00
SAZuXPGUrfbcn5UA,2018-12-09T11:00:00+00:00
SAZuXPGUrfbcn5UA,2018-12-09T11:00:00+00:00
SAZuXPGUrfbcn5UA,2018-12-09T11:00:00+00:00
SAZuXPGUrfbcn5UA,2018-12-09T11:00:00+00:00
SAZuXPGUrfbcn5UA,2018-12-09T11:00:00+00:00
SAZuXPGUrfbcn5UA,2018-12-09T11:00:00+00:00
SAZuXPGUrfbcn5UA,2018-12-09T11:00:00+00:00
SAZuXPGUrfbcn5UA,2018-12-09T11:00:00+00:00
SAZuXPGUrfbcn5UA,2018-12-09T11:00:00+00:00
SAZuXPGUrfbcn5UA,2018-12-09T11:00:00+00:00
SAZuXPGUrfbcn5UA,2018-12-09T11:00:00+00:00
SAZuXPGUrfbcn5UA,2018-12-09T11:00:00+00:00
SAZuXPGUrfbcn5UA,2018-12-09T11:00:00+00:00
SAZuXPGUrfbcn5UA,2018-12-09T11:00:00+00:00
SAZuXPGUrfbcn5UA,2018-12-09T11:00:00+00:00
SAZuXPGUrfbcn5UA,2018-12-09T11:00:00+00:00
SAZuXPGUrfbcn5UA,2018-12-09T11:00:00+00:00
SAZuXPGUrfbcn5UA,2018-12-09T11:00:00+00:00
SAZuXPGUrfbcn5UA,2018-12-09T11:00:00+00:00
SAZuXPGUrfbcn5UA,2018-12-09T11:00:00+00:00
SAZuXPGUrfbcn5UA,2018-12-09T11:00:00+00:00
SAZuXPGUrfbcn5UA,2018-12-09T11:00:00+00:00
SAZuXPGUrfbcn5UA,2018-12-09T11:00:00+00:00
SAZuXPGUrfbcn5UA,2018-12-09T11:00:00+00:00
SAZuXPGUrfbcn5UA,2018-12-09T11:00:00+00:00
SAZuXPGUrfbcn5UA,2018-12-09T11:00:00+00:00
SAZuXPGUrfbcn5UA,2018-12-09T11:00:00+00:00
SAZuXPGUrfbcn5UA,2018-12-09T11:00:00+00:00
SAZuXPGUrfbcn5UA,2018-12-09T11:00:00+00:00
SAZuXPGUrfbcn5UA,2018-12-09T11:00:00+00:00
SAZuXPGUrfbcn5UA,2018-12-09T11:00:00+00:00
SAZuXPGUrfbcn5UA,2018-12-09T11:00:00+00:00
SAZuXPGUrfbcn5UA,2018-12-09T11:00:00+00:00
SAZuXPGUrfbcn5UA,2018-12-09T11:00:00+00:00
SAZuXPGUrfbcn5UA,2018-12-09T11:00:00+00:00
SAZuXPGUrfbcn5UA,2018-12-09T11:00:00+00:00
SAZuXPGUrfbcn5UA,2018-12-09T11:00:00+00:00
SAZuXPGUrfbcn5UA,2018-12-09T11:00:00+00:00
SAZuXPGUrfbcn5UA,2018-12-09T11:00:00+00:00
SAZuXPGUrfbcn5UA,2018-12-09T11:00:00+00:00
SAZuXPGUrfbcn5UA,2018-12-09T11:00:00+00:00
SAZuXPGUrfbcn5UA,2018-12-09T11:00:00+00:00
SAZuXPGUrfbcn5UA,2018-12-09T11:00:00+00:00
SAZuXPGUrfbcn5UA,2018-12-09T11:00:00+00:00
SAZuXPGUrfbcn5UA,2018-12-09T11:00:00+00:00
SAZuXPGUrfbcn5UA,2018-12-09T11:00:00+00:00
SAZuXPGUrfbcn5UA,2018-12-09T11:00:00+00:00
SAZuXPGUrfbcn5UA,2018-12-09T11:00:00+00:00
SAZuXPGUrfbcn5UA,2018-12-09T11:00:00+00:00
SAZuXPGUrfbcn5UA,2018-12-09T11:00:00+00:00
SAZuXPGUrfbcn5UA,2018-12-09T11:00:00+00:00
SAZuXPGUrfbcn5UA,2018-12-09T11:00:00+00:00
SAZuXPGUrfbcn5UA,2018-12-09T11:00:00+00:00
SAZuXPGUrfbcn5UA,2018-12-09T11:00:00+00:00
SAZuXPGUrfbcn5UA,2018-12-09T11:00:00+00:00
SAZuXPGUrfbcn5UA,2018-12-09T11:00:00+00:00
SAZuXPGUrfbcn5UA,2018-12-09T11:00:00+00:00
SAZuXPGUrfbcn5UA,2018-12-09T11:00:00+00:00
SAZuXPGUrfbcn5UA,2018-12-09T11:00:00+00:00
SAZuXPGUrfbcn5UA,2018-12-09T11:00:00+00:00
SAZuXPGUrfbcn5UA,2018-12-09T11:00:00+00:00
SAZuXPGUrfbcn5UA,2018-12-09T11:00:00+00:00
SAZuXPGUrfbcn5UA,2018-12-09T11:00:00+00:00
SAZuXPGUrfbcn5UA,2018-12-09T11:00:00+00:00
SAZuXPGUrfbcn5UA,2018-12-09T11:00:00+00:00
SAZuXPGUrfbcn5UA,2018-12-09T11:00:00+00:00
SAZuXPGUrfbcn5UA,2018-12-09T11:00:00+00:00
SAZuXPGUrfbcn5UA,2018-12-09T11:00:00+00:00
SAZuXPGUrfbcn5UA,2018-12-09T11:00:00+00:00
SAZuXPGUrfbcn5UA,2018-12-09T11:00:00+00:00
SAZuXPGUrfbcn5UA,2018-12-09T11:00:00+00:00
SAZuXPGUrfbcn5UA,2018-12-09T11:00:00+00:00
SAZuXPGUrfbcn5UA,2018-12-09T11:00:00+00:00
SAZuXPGUrfbcn5UA,2018-12-09T11:00:00+00:00
SAZuXPGUrfbcn5UA,2018-12-09T11:00:00+00:00
SAZuXPGUrfbcn5UA,2018-12-09T11:00:00+00:00
SAZuXPGUrfbcn5UA,2018-12-09T11:00:00+00:00
SAZuXPGUrfbcn5UA,2018-12-09T11:00:00+00:00
SAZuXPGUrfbcn5UA,2018-12-09T11:00:00+00:00
SAZuXPGUrfbcn5UA,2018-12-09T11:00:00+00:00
SAZuXPGUrfbcn5UA,2018-12-09T11:00:00+00:00
SAZuXPGUrfbcn5UA,2018-12-09T11:00:00+00:00
SAZuXPGUrfbcn5UA,2018-12-09T11:00:00+00:00
SAZuXPGUrfbcn5UA,2018-12-09T11:00:00+00:00
SAZuXPGUrfbcn5UA,2018-12-09T11:00:00+00:00
SAZuXPGUrfbcn5UA,2018-12-09T11:00:00+00:00
SAZuXPGUrfbcn5UA,2018-12-09T11:00:00+00:00
SAZuXPGUrfbcn5UA,2018-12-09T11:00:00+00:00
SAZuXPGUrfbcn5UA,2018-12-09T11:00:00+00:00
SAZuXPGUrfbcn5UA,2018-12-09T11:00:00+00:00
SAZuXPGUrfbcn5UA,2018-12-09T11:00:00+00:00
SAZuXPGUrfbcn5UA,2018-12-09T11:00:00+00:00
SAZuXPGUrfbcn5UA,2018-12-09T11:00:00+00:00
SAZuXPGUrfbcn5UA,2018-12-09T11:00:00+00:00
SAZuXPGUrfbcn5UA,2018-12-09T11:00:00+00:00
SAZuXPGUrfbcn5UA,2018-12-09T11:00:00+00:00
SAZuXPGUrfbcn5UA,2018-12-09T11:00:00+00:00
SAZuXPGUrfbcn5UA,2018-12-09T11:00:00+00:00
SAZuXPGUrfbcn5UA,2018-12-09T11:00:00+00:00
SAZuXPGUrfbcn5UA,2018-12-09T11:00:00+00:00
SAZuXPGUrfbcn5UA,2018-12-09T11:00:00+00:00
SAZuXPGUrfbcn5UA,2018-12-09T11:00:00+00:00
SAZuXPGUrfbcn5UA,2018-12-09T11:00:00+00:00
SAZuXPGUrfbcn5UA,2018-12-09T11:00:00+00:00
SAZuXPGUrfbcn5UA,2018-12-09T11:00:00+00:00
SAZuXPGUrfbcn5UA,2018-12-09T11:00:00+00:00
SAZuXPGUrfbcn5UA,2018-12-09T11:00:00+00:00
SAZuXPGUrfbcn5UA,2018-12-09T11:00:00+00:00
SAZuXPGUrfbcn5UA,2018-12-09T11:00:00+00:00
SAZuXPGUrfbcn5UA,2018-12-09T11:00:00+00:00
SAZuXPGUrfbcn5UA,2018-12-09T11:00:00+00:00
SAZuXPGUrfbcn5UA,2018-12-09T11:00:00+00:00
SAZuXPGUrfbcn5UA,2018-12-09T11:00:00+00:00
SAZuXPGUrfbcn5UA,2018-12-09T11:00:00+00:00
SAZuXPGUrfbcn5UA,2018-12-09T11:00:00+00:00
SAZuXPGUrfbcn5UA,2018-12-09T11:00:00+00:00
SAZuXPGUrfbcn5UA,2018-12-09T11:00:00+00:00
SAZuXPGUrfbcn5UA,2018-12-09T11:00:00+00:00
SAZuXPGUrfbcn5UA,2018-12-09T11:00:00+00:00
SAZuXPGUrfbcn5UA,2018-12-09T11:00:00+00:00
SAZuXPGUrfbcn5UA,2018-12-09T11:00:00+00:00
SAZuXPGUrfbcn5UA,2018-12-09T11:00:00+00:00
SAZuXPGUrfbcn5UA,2018-12-09T11:00:00+00:00
SAZuXPGUrfbcn5UA,2018-12-09T11:00:00+00:00
SAZuXPGUrfbcn5UA,2018-12-09T11:00:00+00:00
SAZuXPGUrfbcn5UA,2018-12-09T11:00:00+00:00
SAZuXPGUrfbcn5UA,2018-12-09T11:00:00+00:00
SAZuXPGUrfbcn5UA,2018-12-09T11:00:00+00:00
SAZuXPGUrfbcn5UA,2018-12-09T11:00:00+00:00
SAZuXPGUrfbcn5UA,2018-12-09T11:00:00+00:00
SAZuXPGUrfbcn5UA,2018-12-09T11:00:00+00:00
SAZuXPGUrfbcn5UA,2018-12-09T11:00:00+00:00
SAZuXPGUrfbcn5UA,2018-12-09T11:00:00+00:00
SAZuXPGUrfbcn5UA,2018-12-09T11:00:00+00:00
SAZuXPGUrfbcn5UA,2018-12-09T11:00:00+00:00
SAZuXPGUrfbcn5UA,2018-12-09T11:00:00+00:00
SAZuXPGUrfbcn5UA,2018-12-09T11:00:00+00:00
SAZuXPGUrfbcn5UA,2018-12-09T11:00:00+00:00
SAZuXPGUrfbcn5UA,2018-12-09T11:00:00+00:00
SAZuXPGUrfbcn5UA,2018-12-09T11:00:00+00:00
SAZuXPGUrfbcn5UA,2018-12-09T11:00:00+00:00
SAZuXPGUrfbcn5UA,2018-12-09T11:00:00+00:00
SAZuXPGUrfbcn5UA,2018-12-09T11:00:00+00:00
SAZuXPGUrfbcn5UA,2018-12-09T11:00:00+00:00
SAZuXPGUrfbcn5UA,2018-12-09T11:00:00+00:00
SAZuXPGUrfbcn5UA,2018-12-09T11:00:00+00:00
SAZuXPGUrfbcn5UA,2018-12-09T11:00:00+00:00
SAZuXPGUrfbcn5UA,2018-12-09T11:00:00+00:00
SAZuXPGUrfbcn5UA,2018-12-09T11:00:00+00:00
SAZuXPGUrfbcn5UA,2018-12-09T11:00:00+00:00
SAZuXPGUrfbcn5UA,2018-12-09T11:00:00+00:00
SAZuXPGUrfbcn5UA,2018-12-09T11:00:00+00:00
SAZuXPGUrfbcn5UA,2018-12-09T11:00:00+00:00
SAZuXPGUrfbcn5UA,2018-12-09T11:00:00+00:00
SAZuXPGUrfbcn5UA,2018-12-09T11:00:00+00:00
SAZuXPGUrfbcn5UA,2018-12-09T11:00:00+00:00
SAZuXPGUrfbcn5UA,2018-12-09T11:00:00+00:00
SAZuXPGUrfbcn5UA,2018-12-09T11:00:00+00:00
SAZuXPGUrfbcn5UA,2018-12-09T11:00:00+00:00
SAZuXPGUrfbcn5UA,2018-12-09T11:00:00+00:00
SAZuXPGUrfbcn5UA,2018-12-09T11:00:00+00:00
SAZuXPGUrfbcn5UA,2018-12-09T11:00:00+00:00
SAZuXPGUrfbcn5UA,2018-12-09T11:00:00+00:00
SAZuXPGUrfbcn5UA,2018-12-09T11:00:00+00:00
SAZuXPGUrfbcn5UA,2018-12-09T11:00:00+00:00
SAZuXPGUrfbcn5UA,2018-12-09T11:00:00+00:00
SAZuXPGUrfbcn5UA,2018-12-09T11:00:00+00:00
SAZuXPGUrfbcn5UA,2018-12-09T11:00:00+00:00
SAZuXPGUrfbcn5UA,2018-12-09T11:00:00+00:00
SAZuXPGUrfbcn5UA,2018-12-09T11:00:00+00:00
SAZuXPGUrfbcn5UA,2018-12-09T11:00:00+00:00
SAZuXPGUrfbcn5UA,2018-12-09T11:00:00+00:00
SAZuXPGUrfbcn5UA,2018-12-09T11:00:00+00:00
SAZuXPGUrfbcn5UA,2018-12-09T11:00:00+00:00
SAZuXPGUrfbcn5UA,2018-12-09T11:00:00+00:00
SAZuXPGUrfbcn5UA,2018-12-09T11:00:00+00:00
SAZuXPGUrfbcn5UA,2018-12-09T11:00:00+00:00
SAZuXPGUrfbcn5UA,2018-12-09T11:00:00+00:00
SAZuXPGUrfbcn5UA,2018-12-09T11:00:00+00:00
SAZuXPGUrfbcn5UA,2018-12-09T11:00:00+00:00
SAZuXPGUrfbcn5UA,2018-12-09T11:00:00+00:00
SAZuXPGUrfbcn5UA,2018-12-09T11:00:00+00:00
SAZuXPGUrfbcn5UA,2018-12-09T11:00:00+00:00
SAZuXPGUrfbcn5UA,2018-12-09T11:00:00+00:00
SAZuXPGUrfbcn5UA,2018-12-09T11:00:00+00:00
SAZuXPGUrfbcn5UA,2018-12-09T11:00:00+00:00
SAZuXPGUrfbcn5UA,2018-12-09T11:00:00+00:00
SAZuXPGUrfbcn5UA,2018-12-09T11:00:00+00:00
SAZuXPGUrfbcn5UA,2018-12-09T11:00:00+00:00
SAZuXPGUrfbcn5UA,2018-12-09T11:00:00+00:00
SAZuXPGUrfbcn5UA,2018-12-09T11:00:00+00:00
SAZuXPGUrfbcn5UA,2018-12-09T11:00:00+00:00
SAZuXPGUrfbcn5UA,2018-12-09T11:00:00+00:00
SAZuXPGUrfbcn5UA,2018-12-09T11:00:00+00:00
SAZuXPGUrfbcn5UA,2018-12-09T11:00:00+00:00
SAZuXPGUrfbcn5UA,2018-12-09T11:00:00+00:00
SAZuXPGUrfbcn5UA,2018-12-09T11:00:00+00:00
SAZuXPGUrfbcn5UA,2018-12-09T11:00:00+00:00
SAZuXPGUrfbcn5UA,2018-12-09T11:00:00+00:00
SAZuXPGUrfbcn5UA,2018-12-09T11:00:00+00:00
SAZuXPGUrfbcn5UA,2018-12-09T11:00:00+00:00
SAZuXPGUrfbcn5UA,2018-12-09T11:00:00+00:00
SAZuXPGUrfbcn5UA,2018-12-09T11:00:00+00:00
SAZuXPGUrfbcn5UA,2018-12-09T11:00:00+00:00
SAZuXPGUrfbcn5UA,2018-12-09T11:00:00+00:00
SAZuXPGUrfbcn5UA,2018-12-09T11:00:00+00:00
SAZuXPGUrfbcn5UA,2018-12-09T11:00:00+00:00
SAZuXPGUrfbcn5UA,2018-12-09T11:00:00+00:00
SAZuXPGUrfbcn5UA,2018-12-09T11:00:00+00:00
SAZuXPGUrfbcn5UA,2018-12-09T11:00:00+00:00
SAZuXPGUrfbcn5UA,2018-12-09T11:00:00+00:00
SAZuXPGUrfbcn5UA,2018-12-09T11:00:00+00:00
SAZuXPGUrfbcn5UA,2018-12-09T11:00:00+00:00
SAZuXPGUrfbcn5UA,2018-12-09T11:00:00+00:00
SAZuXPGUrfbcn5UA,2018-12-09T11:00:00+00:00
SAZuXPGUrfbcn5UA,2018-12-09T11:00:00+00:00
SAZuXPGUrfbcn5UA,2018-12-09T11:00:00+00:00
SAZuXPGUrfbcn5UA,2018-12-09T11:00:00+00:00
SAZuXPGUrfbcn5UA,2018-12-09T11:00:00+00:00
SAZuXPGUrfbcn5UA,2018-12-09T11:00:00+00:00
SAZuXPGUrfbcn5UA,2018-12-09T11:00:00+00:00
SAZuXPGUrfbcn5UA,2018-12-09T11:00:00+00:00
SAZuXPGUrfbcn5UA,2018-12-09T11:00:00+00:00
SAZuXPGUrfbcn5UA,2018-12-09T11:00:00+00:00
SAZuXPGUrfbcn5UA,2018-12-09T11:00:00+00:00
SAZuXPGUrfbcn5UA,2018-12-09T11:00:00+00:00
SAZuXPGUrfbcn5UA,2018-12-09T11:00:00+00:00
SAZuXPGUrfbcn5UA,2018-12-09T11:00:00+00:00
SAZuXPGUrfbcn5UA,2018-12-09T11:00:00+00:00
SAZuXPGUrfbcn5UA,2018-12-09T11:00:00+00:00
SAZuXPGUrfbcn5UA,2018-12-09T11:00:00+00:00
SAZuXPGUrfbcn5UA,2018-12-09T11:00:00+00:00
SAZuXPGUrfbcn5UA,2018-12-09T11:00:00+00:00
SAZuXPGUrfbcn5UA,2018-12-09T11:00:00+00:00
SAZuXPGUrfbcn5UA,2018-12-09T11:00:00+00:00
SAZuXPGUrfbcn5UA,2018-12-09T11:00:00+00:00
SAZuXPGUrfbcn5UA,2018-12-09T11:00:00+00:00
SAZuXPGUrfbcn5UA,2018-12-09T11:00:00+00:00
SAZuXPGUrfbcn5UA,2018-12-09T11:00:00+00:00
SAZuXPGUrfbcn5UA,2018-12-09T11:00:00+00:00
SAZuXPGUrfbcn5UA,2018-12-09T11:00:00+00:00
SAZuXPGUrfbcn5UA,2018-12-09T11:00:00+00:00
SAZuXPGUrfbcn5UA,2018-12-09T11:00:00+00:00
SAZuXPGUrfbcn5UA,2018-12-09T11:00:00+00:00
SAZuXPGUrfbcn5UA,2018-12-09T11:00:00+00:00
SAZuXPGUrfbcn5UA,2018-12-09T11:00:00+00:00
SAZuXPGUrfbcn5UA,2018-12-09T11:00:00+00:00
SAZuXPGUrfbcn5UA,2018-12-09T11:00:00+00:00
SAZuXPGUrfbcn5UA,2018-12-09T11:00:00+00:00
SAZuXPGUrfbcn5UA,2018-12-09T11:00:00+00:00
SAZuXPGUrfbcn5UA,2018-12-09T11:00:00+00:00
SAZuXPGUrfbcn5UA,2018-12-09T11:00:00+00:00
SAZuXPGUrfbcn5UA,2018-12-09T11:00:00+00:00
SAZuXPGUrfbcn5UA,2018-12-09T11:00:00+00:00
SAZuXPGUrfbcn5UA,2018-12-09T11:00:00+00:00
SAZuXPGUrfbcn5UA,2018-12-09T11:00:00+00:00
SAZuXPGUrfbcn5UA,2018-12-09T11:00:00+00:00
SAZuXPGUrfbcn5UA,2018-12-09T11:00:00+00:00
SAZuXPGUrfbcn5UA,2018-12-09T11:00:00+00:00
SAZuXPGUrfbcn5UA,2018-12-09T11:00:00+00:00
SAZuXPGUrfbcn5UA,2018-12-09T11:00:00+00:00
SAZuXPGUrfbcn5UA,2018-12-09T11:00:00+00:00
SAZuXPGUrfbcn5UA,2018-12-09T11:00:00+00:00
SAZuXPGUrfbcn5UA,2018-12-09T11:00:00+00:00
SAZuXPGUrfbcn5UA,2018-12-09T11:00:00+00:00
SAZuXPGUrfbcn5UA,2018-12-09T11:00:00+00:00
SAZuXPGUrfbcn5UA,2018-12-09T11:00:00+00:00
SAZuXPGUrfbcn5UA,2018-12-09T11:00:00+00:00
SAZuXPGUrfbcn5UA,2018-12-09T11:00:00+00:00
SAZuXPGUrfbcn5UA,2018-12-09T11:00:00+00:00
SAZuXPGUrfbcn5UA,2018-12-09T11:00:00+00:00
SAZuXPGUrfbcn5UA,2018-12-09T11:00:00+00:00
SAZuXPGUrfbcn5UA,2018-12-09T11:00:00+00:00
SAZuXPGUrfbcn5UA,2018-12-09T11:00:00+00:00
SAZuXPGUrfbcn5UA,2018-12-09T11:00:00+00:00
SAZuXPGUrfbcn5UA,2018-12-09T11:00:00+00:00
SAZuXPGUrfbcn5UA,2018-12-09T11:00:00+00:00
SAZuXPGUrfbcn5UA,2018-12-09T11:00:00+00:00
SAZuXPGUrfbcn5UA,2018-12-09T11:00:00+00:00
SAZuXPGUrfbcn5UA,2018-12-09T11:00:00+00:00
SAZuXPGUrfbcn5UA,2018-12-09T11:00:00+00:00
SAZuXPGUrfbcn5UA,2018-12-09T11:00:00+00:00
SAZuXPGUrfbcn5UA,2018-12-09T11:00:00+00:00
SAZuXPGUrfbcn5UA,2018-12-09T11:00:00+00:00
SAZuXPGUrfbcn5UA,2018-12-09T11:00:00+00:00
SAZuXPGUrfbcn5UA,2018-12-09T11:00:00+00:00
SAZuXPGUrfbcn5UA,2018-12-09T11:00:00+00:00
SAZuXPGUrfbcn5UA,2018-12-09T11:00:00+00:00
SAZuXPGUrfbcn5UA,2018-12-09T11:00:00+00:00
SAZuXPGUrfbcn5UA,2018-12-09T11:00:00+00:00
SAZuXPGUrfbcn5UA,2018-12-09T11:00:00+00:00
SAZuXPGUrfbcn5UA,2018-12-09T11:00:00+00:00
SAZuXPGUrfbcn5UA,2018-12-09T11:00:00+00:00
SAZuXPGUrfbcn5UA,2018-12-09T11:00:00+00:00
SAZuXPGUrfbcn5UA,2018-12-09T11:00:00+00:00
SAZuXPGUrfbcn5UA,2018-12-09T11:00:00+00:00
SAZuXPGUrfbcn5UA,2018-12-09T11:00:00+00:00
SAZuXPGUrfbcn5UA,2018-12-09T11:00:00+00:00
SAZuXPGUrfbcn5UA,2018-12-09T11:00:00+00:00
SAZuXPGUrfbcn5UA,2018-12-09T11:00:00+00:00
SAZuXPGUrfbcn5UA,2018-12-09T11:00:00+00:00
SAZuXPGUrfbcn5UA,2018-12-09T11:00:00+00:00
5UAVanZf6UtGyKVS,2018-12-09T12:00:00+00:00
